#1
SELECT COUNT(*) FROM dinos;
count
-------
  331
(1 row)

#2
SELECT name FROM dinos WHERE(period='Jurassic');


#3
SELECT SUM(length) FROM dinos WHERE(period='Cretaceous');
sum
---------
1366.45
(1 row)

#4
SELECT species FROM dinos WHERE(period='Cretaceous' OR period='Jurassic') ORDER BY species ASC;

#5
SELECT name FROM dinos WHERE(t_order='Saurischia' AND diet='Herbivorous');

#6
UPDATE dinos SET name='shortie' WHERE((length=(SELECT MIN(length) FROM dinos)));

SELECT name FROM dinos WHERE(length=(SELECT MIN(length) FROM dinos));
  name
---------
 shortie
(1 row)

#7
SELECT name from dinos ORDER BY name LIMIT 1;
name
----------
Aardonyx
(1 row)
